
Insert into brans(BransAdi) 
values('Biyoloji')
Insert into brans(BransAdi) 
values('Ýngilizce')
Insert into brans(BransAdi) 
values('Edebiyat')
Insert into brans(BransAdi) 
values('Beden')
Insert into brans(BransAdi) 
values('Dil Anlatým')
Insert into brans(BransAdi) 
values('Almanca')
Insert into brans(BransAdi) 
values('Fransýzca')
Insert into brans(BransAdi) 
values('Matematik')
Insert into brans(BransAdi) 
values('Fizik')
Insert into brans(BransAdi) 
values('Kimya')
Select * from brans

GO


Insert into EgitimOgretim(Yil, Donem)
values ('2000','1')
Insert into EgitimOgretim(Yil, Donem)
values ('2000','2')
Insert into EgitimOgretim(Yil, Donem)
values ('2001','1')
Insert into EgitimOgretim(Yil, Donem)
values ('2001','2')
Insert into EgitimOgretim(Yil, Donem)
values ('2002','1')
Insert into EgitimOgretim(Yil, Donem)
values ('2002','2')
Insert into EgitimOgretim(Yil, Donem)
values ('2003','1')
Insert into EgitimOgretim(Yil, Donem)
values ('2003','2')
Insert into EgitimOgretim(Yil, Donem)
values ('2004','1')
Insert into EgitimOgretim(Yil, Donem)
values ('2004','2')
GO
Insert into Dersler(DersAdi,DersKodu)
values('Matematik','101')
Insert into Dersler(DersAdi,DersKodu) 
values('Fizik','102')
Insert into Dersler(DersAdi,DersKodu)
values('Kimya','103')
Insert into Dersler(DersAdi,DersKodu)
values('Biyoloji','104')
Insert into Dersler(DersAdi,DersKodu)
values('Ýngilizce','105')
Insert into Dersler(DersAdi,DersKodu)
values('Edebiyat','106')
Insert into Dersler(DersAdi,DersKodu) 
values('Beden','107')
Insert into Dersler(DersAdi,DersKodu)
values('Dil Anlatým','108')
Insert into Dersler(DersAdi,DersKodu) 
values('Almanca','109')
Insert into Dersler(DersAdi,DersKodu)
values('Fransýzca','110')

Select * from Dersler
GO

Insert into DersProgrami(Gun,Saat)
values ('Pazartesi','13.00')
Insert into DersProgrami(Gun,Saat)
values ('Salý','13.00')
Insert into DersProgrami(Gun,Saat)
values ('Çarþamba','13.00')
Insert into DersProgrami(Gun,Saat)
values ('Perþembe','13.00')
Insert into DersProgrami(Gun,Saat)
values ('Cuma','13.00')
Insert into DersProgrami(Gun,Saat)
values ('Pazartesi','14.00')
Insert into DersProgrami(Gun,Saat)
values ('Salý','14.00')
Insert into DersProgrami(Gun,Saat)
values ('Çarþamba','14.00')
Insert into DersProgrami(Gun,Saat)
values ('Perþembe','14.00')
Insert into DersProgrami(Gun,Saat)
values ('Cuma','14.00')

Select * from DersProgrami
GO

Insert into Subeler(SubeAdi)
values ('9/A')
Insert into Subeler(SubeAdi)
values ('10/A')
Insert into Subeler(SubeAdi)
values ('11/A')
Insert into Subeler(SubeAdi)
values ('12/A')
Insert into Subeler(SubeAdi)
values ('9/B')
Insert into Subeler(SubeAdi)
values ('10/B')
Insert into Subeler(SubeAdi)
values ('11/B')
Insert into Subeler(SubeAdi)
values ('12/B')
Insert into Subeler(SubeAdi)
values ('9/C')
Insert into Subeler(SubeAdi)
values ('10/C')

SELECT * FROM Subeler

GO

Insert into Ogrenciler(Ad,Soyad,Cinsiyet,DogumTarihi,Numara,TC)
values ('Berkay','Esen','Erkek','2000','123','123456789')
Insert into Ogrenciler(Ad,Soyad,Cinsiyet,DogumTarihi,Numara,TC)
values ('Murat','Arslan','Erkek','2000','124','123456987')
Insert into Ogrenciler(Ad,Soyad,Cinsiyet,DogumTarihi,Numara,TC)
values ('Tuðçe','Ardeç','Kadýn','2000','125','453456789')
Insert into Ogrenciler(Ad,Soyad,Cinsiyet,DogumTarihi,Numara,TC)
values ('Erkan','Çetin','Erkek','2000','126','483456789')
Insert into Ogrenciler(Ad,Soyad,Cinsiyet,DogumTarihi,Numara,TC)
values ('Ahmet','Yýlmaz','Erkek','2000','127','78956789')
Insert into Ogrenciler(Ad,Soyad,Cinsiyet,DogumTarihi,Numara,TC)
values ('Emine','Yýldýz','Kadýn','2000','128','123456789')
Insert into Ogrenciler(Ad,Soyad,Cinsiyet,DogumTarihi,Numara,TC)
values ('Ayþe','Yýlmaz','Kadýn','2000','129','7895256789')
Insert into Ogrenciler(Ad,Soyad,Cinsiyet,DogumTarihi,Numara,TC)
values ('Nur','Kesici','Kadýn','2000','130','25864756789')
Insert into Ogrenciler(Ad,Soyad,Cinsiyet,DogumTarihi,Numara,TC)
values ('Mehmet','Ekici','Erkek','2000','132','123476789')
Insert into Ogrenciler(Ad,Soyad,Cinsiyet,DogumTarihi,Numara,TC)
values ('Gamze','Güzel','Kadýn','2000','133','1234574189')

Select * from Ogrenciler

GO

Insert into DevamsizlikTuru(DevamsizlikAdi)
values('Özürlü')
Insert into DevamsizlikTuru(DevamsizlikAdi)
values('Özürsüz Tam')
Insert into DevamsizlikTuru(DevamsizlikAdi)
values('Ýzinli')
Insert into DevamsizlikTuru(DevamsizlikAdi)
values('Faaliyet')
Insert into DevamsizlikTuru(DevamsizlikAdi)
values('Nöbetçi')
Insert into DevamsizlikTuru(DevamsizlikAdi)
values('Özürsüz Öðlen')
Insert into DevamsizlikTuru(DevamsizlikAdi)
values('Özürsüz Sabahtan')
Insert into DevamsizlikTuru(DevamsizlikAdi)
values('Geç')
Insert into DevamsizlikTuru(DevamsizlikAdi)
values('Saðlýk Kurulu')
Insert into DevamsizlikTuru(DevamsizlikAdi)
values('Uzaklaþtýrma')

Select * from DevamsizlikTuru

Insert into Il(IlAdi)
values ('Manisa')
Insert into Il(IlAdi)
values ('Ýzmir')
Insert into Il(IlAdi)
values ('Ýstanbul')
Insert into Il(IlAdi)
values ('Ankara')
Insert into Il(IlAdi)
values ('Trabzon')
Insert into Il(IlAdi)
values ('Yalova')
Insert into Il(IlAdi)
values ('Bursa')
Insert into Il(IlAdi)
values ('Balýkesir')
Insert into Il(IlAdi)
values ('Kütahya')
Insert into Il(IlAdi)
values ('Rize')

Select * from Il

Insert into Ilce(IlceAdi)
values ('Akhisar')
Insert into Ilce(IlceAdi)
values ('Karþýyaka')
Insert into Ilce(IlceAdi)
values ('Kadýköy')
Insert into Ilce(IlceAdi)
values ('Rize')
Insert into Ilce(IlceAdi)
values ('Çankaya')
Insert into Ilce(IlceAdi)
values ('Tonya')
Insert into Ilce(IlceAdi)
values ('Çiftlikköy')
Insert into Ilce(IlceAdi)
values ('Nilüfer')
Insert into Ilce(IlceAdi)
values ('Bandýrma')
Insert into Ilce(IlceAdi)
values ('Çayeli')

Select * from Ilce

Insert into Okullar(OkulAdi,Adres,Mail,Telefon,Ilid,Ilceid)
values ('Dündar Çiloðlu Lisesi','Güzelyurt','abc@gmail.com','12345',1,1)
Insert into Okullar(OkulAdi,Adres,Mail,Telefon,Ilid,Ilceid)
values ('Þehitler Ortaokulu','Çarþý','asd@gmail.com','12346',2,2)
Insert into Okullar(OkulAdi,Adres,Mail,Telefon,Ilid,Ilceid)
values ('Çaðatay Uluçay Ortaokulu','Tevfikiye','awer@gmail.com','1236',3,3)
Insert into Okullar(OkulAdi,Adres,Mail,Telefon,Ilid,Ilceid)
values ('Atatürk Lisesi','Merkez','art@gmail.com','12347',4,4)
Insert into Okullar(OkulAdi,Adres,Mail,Telefon,Ilid,Ilceid)
values ('Cumhuriyet Lisesi','Karaköy','uop@gmail.com','12348',5,5)
Insert into Okullar(OkulAdi,Adres,Mail,Telefon,Ilid,Ilceid)
values ('Halit Görgülü Lisesi','Güzelyurt','abc@gmail.com','12349',6,6)
Insert into Okullar(OkulAdi,Adres,Mail,Telefon,Ilid,Ilceid)
values ('Ahmet Tütüncü Okulu','Malta','wdf@gmail.com','12310',7,7)
Insert into Okullar(OkulAdi,Adres,Mail,Telefon,Ilid,Ilceid)
values ('Ticaret Borsasý Lisesi','75.YIL','ayu@gmail.com','12311',8,8)
Insert into Okullar(OkulAdi,Adres,Mail,Telefon,Ilid,Ilceid)
values ('Tarým Lisesi','Akköy','vgy@gmail.com','12378',9,9)
Insert into Okullar(OkulAdi,Adres,Mail,Telefon,Ilid,Ilceid)
values ('Güzel Sanatlar Lisesi','Yeniköy','bhj@gmail.com','12314',10,10)

Select * from Okullar

Insert into Notlar(BirinciSinav,IkinciSinav,Ogrenciid,Dersid)
values ('50','100',1,1)
Insert into Notlar(BirinciSinav,IkinciSinav,Ogrenciid,Dersid)
values ('70','100',2,1)
Insert into Notlar(BirinciSinav,IkinciSinav,Ogrenciid,Dersid)
values ('30','70',1,2)
Insert into Notlar(BirinciSinav,IkinciSinav,Ogrenciid,Dersid)
values ('50','100',1,5)
Insert into Notlar(BirinciSinav,IkinciSinav,Ogrenciid,Dersid)
values ('80','100',3,1)
Insert into Notlar(BirinciSinav,IkinciSinav,Ogrenciid,Dersid)
values ('70','90',5,1)
Insert into Notlar(BirinciSinav,IkinciSinav,Ogrenciid,Dersid)
values ('0','50',5,2)
Insert into Notlar(BirinciSinav,IkinciSinav,Ogrenciid,Dersid)
values ('45','90',3,3)
Insert into Notlar(BirinciSinav,IkinciSinav,Ogrenciid,Dersid)
values ('60','100',3,5)
Insert into Notlar(BirinciSinav,IkinciSinav,Ogrenciid,Dersid)
values ('20','50',9,1)

select * from Notlar

Insert into Ogretmenler(Ad,Soyad,Cinsiyet,DogumTarihi,Numara,TC,Bransid,Subeid)
values ('Ahmet','Esen','Erkek','1980','1231','1234567891',1,1)
Insert into Ogretmenler(Ad,Soyad,Cinsiyet,DogumTarihi,Numara,TC,Bransid,Subeid)
values ('Mehmet','Arslan','Erkek','2000','1241','1234569871',2,2)
Insert into Ogretmenler(Ad,Soyad,Cinsiyet,DogumTarihi,Numara,TC,Bransid,Subeid)
values ('Ayþe','Ardeç','Kadýn','2000','1251','4534567891',3,3)
Insert into Ogretmenler(Ad,Soyad,Cinsiyet,DogumTarihi,Numara,TC,Bransid,Subeid)
values ('Rýza','Çetin','Erkek','2000','1261','4834567891',4,4)
Insert into Ogretmenler(Ad,Soyad,Cinsiyet,DogumTarihi,Numara,TC,Bransid,Subeid)
values ('Berkay','Yýlmaz','Erkek','2000','1271','789567891',5,5)
Insert into Ogretmenler(Ad,Soyad,Cinsiyet,DogumTarihi,Numara,TC,Bransid,Subeid)
values ('Nilüfer','Yýldýz','Kadýn','2000','1281','1234567891',6,6)
Insert into Ogretmenler(Ad,Soyad,Cinsiyet,DogumTarihi,Numara,TC,Bransid,Subeid)
values ('Sevim','Yýlmaz','Kadýn','2000','1291','78952567891',7,7)
Insert into Ogretmenler(Ad,Soyad,Cinsiyet,DogumTarihi,Numara,TC,Bransid,Subeid)
values ('Efþan','Kesici','Kadýn','2000','1301','258647567891',8,8)
Insert into Ogretmenler(Ad,Soyad,Cinsiyet,DogumTarihi,Numara,TC,Bransid,Subeid)
values ('Kadir','Ekici','Erkek','2000','1321','1234767891',9,9)
Insert into Ogretmenler(Ad,Soyad,Cinsiyet,DogumTarihi,Numara,TC,Bransid,Subeid)
values ('Gülben','Güzel','Kadýn','2000','1331','12345741891',10,10)

select * from Ogretmenler

Insert into OgrenciDevamsizlik(Tarih,Ogrenciid,DevamsizlikTuruid)
values ('01.01.2010',1,1)
Insert into OgrenciDevamsizlik(Tarih,Ogrenciid,DevamsizlikTuruid)
values ('01.01.2010',2,1)
Insert into OgrenciDevamsizlik(Tarih,Ogrenciid,DevamsizlikTuruid)
values ('02.01.2010',3,2)
Insert into OgrenciDevamsizlik(Tarih,Ogrenciid,DevamsizlikTuruid)
values ('03.01.2010',4,1)
Insert into OgrenciDevamsizlik(Tarih,Ogrenciid,DevamsizlikTuruid)
values ('01.01.2010',5,3)
Insert into OgrenciDevamsizlik(Tarih,Ogrenciid,DevamsizlikTuruid)
values ('01.01.2010',6,4)
Insert into OgrenciDevamsizlik(Tarih,Ogrenciid,DevamsizlikTuruid)
values ('01.01.2010',7,8)
Insert into OgrenciDevamsizlik(Tarih,Ogrenciid,DevamsizlikTuruid)
values ('01.01.2010',8,9)
Insert into OgrenciDevamsizlik(Tarih,Ogrenciid,DevamsizlikTuruid)
values ('01.01.2010',9,10)
Insert into OgrenciDevamsizlik(Tarih,Ogrenciid,DevamsizlikTuruid)
values ('01.01.2010',10,2)

Insert into OgrenciDevamsizlik(Tarih,Ogrenciid,DevamsizlikTuruid)
values ('02.01.2010',1,2)
Insert into OgrenciDevamsizlik(Tarih,Ogrenciid,DevamsizlikTuruid)
values ('03.04.2010',1,3)
Insert into OgrenciDevamsizlik(Tarih,Ogrenciid,DevamsizlikTuruid)
values ('12.01.2010',1,4)
Insert into OgrenciDevamsizlik(Tarih,Ogrenciid,DevamsizlikTuruid)
values ('30.01.2010',2,10)
Insert into OgrenciDevamsizlik(Tarih,Ogrenciid,DevamsizlikTuruid)
values ('07.02.2010',2,9)
Insert into OgrenciDevamsizlik(Tarih,Ogrenciid,DevamsizlikTuruid)
values ('08.09.2010',2,8)
Insert into OgrenciDevamsizlik(Tarih,Ogrenciid,DevamsizlikTuruid)
values ('17.09.2010',5,8)
Insert into OgrenciDevamsizlik(Tarih,Ogrenciid,DevamsizlikTuruid)
values ('19.09.2010',6,8)
Insert into OgrenciDevamsizlik(Tarih,Ogrenciid,DevamsizlikTuruid)
values ('09.10.2010',7,8)

select * from OgrenciDevamsizlik

Insert into OgretmenDevamsizlik(Tarih,Ogretmenid,DevamsizlikTuruid)
values ('01.01.2010',1,1)
Insert into OgretmenDevamsizlik(Tarih,Ogretmenid,DevamsizlikTuruid)
values ('01.01.2010',2,1)
Insert into OgretmenDevamsizlik(Tarih,Ogretmenid,DevamsizlikTuruid)
values ('01.01.2010',3,1)
Insert into OgretmenDevamsizlik(Tarih,Ogretmenid,DevamsizlikTuruid)
values ('01.01.2010',4,1)
Insert into OgretmenDevamsizlik(Tarih,Ogretmenid,DevamsizlikTuruid)
values ('01.01.2010',5,1)
Insert into OgretmenDevamsizlik(Tarih,Ogretmenid,DevamsizlikTuruid)
values ('01.01.2010',6,1)
Insert into OgretmenDevamsizlik(Tarih,Ogretmenid,DevamsizlikTuruid)
values ('01.01.2010',7,1)
Insert into OgretmenDevamsizlik(Tarih,Ogretmenid,DevamsizlikTuruid)
values ('01.01.2010',8,1)
Insert into OgretmenDevamsizlik(Tarih,Ogretmenid,DevamsizlikTuruid)
values ('01.01.2010',9,1)
Insert into OgretmenDevamsizlik(Tarih,Ogretmenid,DevamsizlikTuruid)
values ('01.01.2010',10,1)

select * from OgretmenDevamsizlik

Insert into Mudurler (BaslangicTarihi,BitisTarihi,Ogretmenid,Okulid)
values ('01.01.2005','01.05.2010',1,1)
Insert into Mudurler (BaslangicTarihi,BitisTarihi,Ogretmenid,Okulid)
values ('01.01.2006','01.05.2010',2,2)
Insert into Mudurler (BaslangicTarihi,BitisTarihi,Ogretmenid,Okulid)
values ('01.01.2007','01.05.2010',3,3)
Insert into Mudurler (BaslangicTarihi,BitisTarihi,Ogretmenid,Okulid)
values ('01.01.2005','01.05.2010',4,4)
Insert into Mudurler (BaslangicTarihi,BitisTarihi,Ogretmenid,Okulid)
values ('01.01.2005','01.05.2010',5,5)
Insert into Mudurler (BaslangicTarihi,BitisTarihi,Ogretmenid,Okulid)
values ('01.01.2005','01.05.2011',6,6)
Insert into Mudurler (BaslangicTarihi,BitisTarihi,Ogretmenid,Okulid)
values ('01.01.2005','01.05.2010',7,7)
Insert into Mudurler (BaslangicTarihi,BitisTarihi,Ogretmenid,Okulid)
values ('01.01.2005','01.05.2010',8,8)
Insert into Mudurler (BaslangicTarihi,BitisTarihi,Ogretmenid,Okulid)
values ('01.01.2005','01.05.2010',9,9)
Insert into Mudurler (BaslangicTarihi,BitisTarihi,Ogretmenid,Okulid)
values ('01.01.2005','01.05.2009',10,10)

select * from Mudurler

Insert into MudurYardimcilari(BaslangicTarihi,BitisTarihi,Ogretmenid,Okulid)
values ('01.01.2000','01.05.2005',1,1)
Insert into MudurYardimcilari(BaslangicTarihi,BitisTarihi,Ogretmenid,Okulid)
values ('01.01.2001','01.05.2005',2,2)
Insert into MudurYardimcilari(BaslangicTarihi,BitisTarihi,Ogretmenid,Okulid)
values ('01.01.2002','01.05.2005',3,3)
Insert into MudurYardimcilari(BaslangicTarihi,BitisTarihi,Ogretmenid,Okulid)
values ('01.01.2003','01.05.2005',4,4)
Insert into MudurYardimcilari(BaslangicTarihi,BitisTarihi,Ogretmenid,Okulid)
values ('01.01.2000','01.05.2005',5,5)
Insert into MudurYardimcilari(BaslangicTarihi,BitisTarihi,Ogretmenid,Okulid)
values ('01.01.2000','01.05.2005',6,6)
Insert into MudurYardimcilari(BaslangicTarihi,BitisTarihi,Ogretmenid,Okulid)
values ('01.01.2000','01.05.2005',7,7)
Insert into MudurYardimcilari(BaslangicTarihi,BitisTarihi,Ogretmenid,Okulid)
values ('01.01.2000','01.05.2015',8,8)
Insert into MudurYardimcilari(BaslangicTarihi,BitisTarihi,Ogretmenid,Okulid)
values ('01.01.2000','01.05.2005',9,9)
Insert into MudurYardimcilari(BaslangicTarihi,BitisTarihi,Ogretmenid,Okulid)
values ('01.01.2000','01.05.2020',10,10)

select * from MudurYardimcilari

Insert into OgretmenOkul(BaslangicTarihi,BitisTarihi,Ogretmenid,Okulid)
values ('01.01.2005','01.05.2010',1,1)
Insert into OgretmenOkul(BaslangicTarihi,BitisTarihi,Ogretmenid,Okulid)
values ('01.01.2005','01.05.2010',2,1)
Insert into OgretmenOkul(BaslangicTarihi,BitisTarihi,Ogretmenid,Okulid)
values ('01.01.2005','01.05.2010',3,1)
Insert into OgretmenOkul(BaslangicTarihi,BitisTarihi,Ogretmenid,Okulid)
values ('01.01.2005','01.05.2010',4,1)
Insert into OgretmenOkul(BaslangicTarihi,BitisTarihi,Ogretmenid,Okulid)
values ('01.01.2005','01.05.2010',5,1)
Insert into OgretmenOkul(BaslangicTarihi,BitisTarihi,Ogretmenid,Okulid)
values ('01.01.2005','01.05.2010',6,1)
Insert into OgretmenOkul(BaslangicTarihi,BitisTarihi,Ogretmenid,Okulid)
values ('01.01.2005','01.05.2010',7,1)
Insert into OgretmenOkul(BaslangicTarihi,BitisTarihi,Ogretmenid,Okulid)
values ('01.01.2005','01.05.2010',8,1)
Insert into OgretmenOkul(BaslangicTarihi,BitisTarihi,Ogretmenid,Okulid)
values ('01.01.2005','01.05.2010',9,1)
Insert into OgretmenOkul(BaslangicTarihi,BitisTarihi,Ogretmenid,Okulid)
values ('01.01.2005','01.05.2010',10,1)
Insert into OgretmenOkul(BaslangicTarihi,BitisTarihi,Ogretmenid,Okulid)
values ('01.01.2005','01.05.2010',11,1)

select * from OgretmenOkul

Insert into SubeOkul(BaslangicTarihi,BitisTarihi,Ogrenciid,Okulid,Subeid)
values ('01.01.2005','01.05.2010',1,1,1)
Insert into SubeOkul(BaslangicTarihi,BitisTarihi,Ogrenciid,Okulid,Subeid)
values ('01.01.2005','01.05.2010',2,2,2)
Insert into SubeOkul(BaslangicTarihi,BitisTarihi,Ogrenciid,Okulid,Subeid)
values ('01.01.2005','01.05.2010',3,3,4)
Insert into SubeOkul(BaslangicTarihi,BitisTarihi,Ogrenciid,Okulid,Subeid)
values ('01.01.2005','01.05.2010',4,1,5)
Insert into SubeOkul(BaslangicTarihi,BitisTarihi,Ogrenciid,Okulid,Subeid)
values ('01.01.2005','01.05.2010',5,1,6)
Insert into SubeOkul(BaslangicTarihi,BitisTarihi,Ogrenciid,Okulid,Subeid)
values ('01.01.2005','01.05.2010',6,1,7)
Insert into SubeOkul(BaslangicTarihi,BitisTarihi,Ogrenciid,Okulid,Subeid)
values ('01.01.2005','01.05.2010',7,5,8)
Insert into SubeOkul(BaslangicTarihi,BitisTarihi,Ogrenciid,Okulid,Subeid)
values ('01.01.2005','01.05.2010',8,1,9)
Insert into SubeOkul(BaslangicTarihi,BitisTarihi,Ogrenciid,Okulid,Subeid)
values ('01.01.2005','01.05.2010',9,8,10)
Insert into SubeOkul(BaslangicTarihi,BitisTarihi,Ogrenciid,Okulid,Subeid)
values ('01.01.2005','01.05.2010',10,9,1)

select * from SubeOkul

Insert into SubeDersOgretmen(Subeid,Dersid,DersProgramiid,EgitimOgretimid,Ogretmenid)
values (1,1,1,1,1)
Insert into SubeDersOgretmen(Subeid,Dersid,DersProgramiid,EgitimOgretimid,Ogretmenid)
values (2,1,3,1,2)
Insert into SubeDersOgretmen(Subeid,Dersid,DersProgramiid,EgitimOgretimid,Ogretmenid)
values (3,1,4,1,3)
Insert into SubeDersOgretmen(Subeid,Dersid,DersProgramiid,EgitimOgretimid,Ogretmenid)
values (4,1,1,1,4)
Insert into SubeDersOgretmen(Subeid,Dersid,DersProgramiid,EgitimOgretimid,Ogretmenid)
values (5,7,1,6,5)
Insert into SubeDersOgretmen(Subeid,Dersid,DersProgramiid,EgitimOgretimid,Ogretmenid)
values (6,1,1,5,6)
Insert into SubeDersOgretmen(Subeid,Dersid,DersProgramiid,EgitimOgretimid,Ogretmenid)
values (7,1,6,1,7)
Insert into SubeDersOgretmen(Subeid,Dersid,DersProgramiid,EgitimOgretimid,Ogretmenid)
values (8,1,1,1,8)
Insert into SubeDersOgretmen(Subeid,Dersid,DersProgramiid,EgitimOgretimid,Ogretmenid)
values (9,1,1,4,9)
Insert into SubeDersOgretmen(Subeid,Dersid,DersProgramiid,EgitimOgretimid,Ogretmenid)
values (10,1,9,1,10)

select * from SubeDersOgretmen

